Workbook

Sheet Test Cases
A1: TC ID | B1: Module | C1: Type | D1: Priority | E1: Scenario | F1: Preconditions | G1: Steps | H1: Test Data | I1: Expected Result | J1: Actual Result | K1: Status | L1: Bug ID | M1: Evidence / Remarks
A2: TC01 | B2: Login | C2: Positive | D2: P1 | E2: Valid login | F2: App installed, valid account | G2: 1. Enter email 2. Tap Continue 3. Tap 'Sign in with password' 4. Enter valid password 5. Tap Sign in | H2: peoplekredily1@yopmail.com / Pass@9865 | I2: User lands on Home dashboard | J2: Reached Home dashboard | K2: Pass
A3: TC02 | B3: Login | C3: Negative | D3: P1 | E3: Wrong password | F3: App on login screen | G3: 1. Enter valid email 2. Continue → password 3. Enter wrong password 4. Sign in | H3: peoplekredily1@yopmail.com / wrong password (10 chars) | I3: Error message shown; stays on password screen | J3: Red error 'Incorrect password. 4 attempts remaining.'; stays on password screen | K3: Pass
A4: TC03 | B4: Login | C4: Negative | D4: P2 | E4: Empty email, tap Continue | F4: App on login screen | G4: 1. Leave email blank 2. Tap Continue | H4: Empty | I4: Validation message; no navigation | J4: Field turns red; message 'Enter your email or mobile number'; no navigation | K4: Pass
A5: TC04 | B5: Login | C5: Negative | D5: P2 | E5: Malformed email | F5: App on login screen | G5: 1. Enter the malformed email (missing dot before 'com') 2. Tap Continue | H5: peoplekredily1@yopmailcom | I5: Inline validation message; no navigation to password step | J5: Field turns red; message 'Enter a valid email address'; no navigation | K5: Pass
A6: TC05 | B6: Login | C6: Edge | D6: P3 | E6: Placeholder readability | F6: App on login screen | G6: 1. Launch app 2. Observe email/mobile field | H6: - | I6: Placeholder fully visible | J6: Second placeholder line clipped inside input | K6: Fail | L6: BUG-03 | M6: Screenshots: login run 1 and run 2 (Evidence sheet, BUG-03)
A7: TC06 | B7: Login | C7: Positive | D7: P3 | E7: Password masking and eye toggle | F7: On password screen | G7: 1. Type password 2. Tap eye icon | H7: Any password | I7: Masked by default; toggle reveals/hides | J7: Password masked by default and eye icon present; show/hide toggle not yet tapped | K7: Fail | M7: Mask verified from screenshot. Tap the eye icon to reveal/hide, then update status.
A8: TC07 | B8: Login | C8: Positive | D8: P3 | E8: Back from password screen | F8: On password screen | G8: 1. Tap Back | H8: - | I8: Returns to email screen | J8: Returned to the email/mobile screen | K8: Pass
A9: TC08 | B9: Home | C9: Positive | D9: P1 | E9: Dashboard shows user, date, shift | F9: Logged in | G9: 1. Observe Home header | H9: - | I9: Name, date and valid shift shown | J9: Name and date shown; shift displays '12:30 – 12:30' (zero-length shift) | K9: Fail | L9: BUG-06 | M9: Clock In sheet also shows 'After shift · OT window' (Evidence sheet, BUG-06)
A10: TC09 | B10: Home | C10: Positive | D10: P2 | E10: Clock In available after clock-out | F10: User clocked out | G10: 1. Observe shift card | H10: - | I10: 'Clocked out' status and enabled Clock In | J10: Shown correctly | K10: Pass
A11: TC10 | B11: Home / Attendance | C11: Edge | D11: P2 | E11: Worked-time consistency | F11: Punch 08:43→08:53 recorded | G11: 1. Note 'worked' time on Home 2. Open Attendance → Team → today | H11: - | I11: Same duration (10m) on both screens | J11: Home '5m worked'; Attendance 08:43→08:53 (10m) | K11: Fail | L11: BUG-02 | M11: Screenshots: Home and Attendance (Evidence sheet, BUG-02)
A12: TC11 | B12: Home / Approvals | C12: Positive | D12: P1 | E12: Pending approval count consistency | F12: Admin with pending corrections | G12: 1. Note Home 'Needs you' count 2. Note nav badge 3. Open Approvals → Reg. | H12: - | I12: Same count everywhere | J12: Home 8, nav badge 5, Reg. tab 5 | K12: Fail | L12: BUG-01 | M12: Screenshot: Home vs nav badge (Evidence sheet, BUG-01)
A13: TC12 | B13: Approvals | C13: Positive | D13: P3 | E13: Leave tab empty state | F13: No pending leave | G13: 1. Open Approvals 2. Select Leave tab | H13: - | I13: Friendly empty state | J13: 'All caught up – No pending leave requests' | K13: Pass
A14: TC13 | B14: Approvals | C14: Positive | D14: P2 | E14: Reg. tab lists requests | F14: 5 pending regularizations | G14: 1. Open Approvals 2. Tap Reg. | H14: - | I14: 5 items listed with details | J14: 5 pending regularization requests listed with details | K14: Pass
A15: TC14 | B15: Approvals | C15: Negative | D15: P3 | E15: Bulk action with nothing selected | F15: Approvals open | G15: 1. Tap Select 2. Attempt approve/reject with none selected | H15: - | I15: Action disabled or message shown | J15: Approve/reject disabled, or a message shown, when nothing is selected | K15: Pass
A16: TC15 | B16: Attendance | C16: Positive | D16: P2 | E16: Team summary matches Home | F16: Logged in | G16: 1. Open Attendance → Team 2. Compare In/Late/Leave/Absent with Home | H16: - | I16: 1 / 0 / 0 / 0 on both | J16: Matches | K16: Pass
A17: TC16 | B17: Attendance | C17: Edge | D17: P3 | E17: Week strip layout | F17: Attendance open | G17: 1. View date strip | H17: - | I17: Day labels on a single line | J17: 'SAT'/'SUN' wrap as 'SA/T', 'SU/N' | K17: Fail | L17: BUG-04 | M17: Screenshot: Attendance date strip (Evidence sheet, BUG-04)
A18: TC17 | B18: Attendance | C18: Edge | D18: P3 | E18: Week range consistency | F18: Logged in | G18: 1. Compare Attendance range with Home 'This week' | H18: - | I18: Same week start | J18: Attendance Fri–Thu; Home Mon–Sun | K18: Fail | L18: BUG-05 | M18: Screenshots: Attendance and Home (Evidence sheet, BUG-05)
A19: TC18 | B19: Directory | C19: Positive | D19: P2 | E19: Directory count matches rows | F19: Logged in | G19: 1. Open Directory | H19: - | I19: '3 people' and 3 rows | J19: Matches | K19: Pass
A20: TC19 | B20: Directory | C20: Negative | D20: P3 | E20: Search with no match | F20: Directory open | G20: 1. Type 'zzzz' in search | H20: zzzz | I20: 'No results' state | J20: 'No results' state shown for the unmatched search | K20: Pass
A21: TC20 | B21: Profile | C21: Positive | D21: P2 | E21: Identity and completion shown | F21: Logged in | G21: 1. Open Profile | H21: - | I21: Name, ID, email, role and % shown untruncated | J21: Name, ID, role and 67% / 33% left shown; email ('peoplekredily1@yopm…') and heading ('Complete your prof..') truncated | K21: Fail | L21: BUG-07 | M21: Screenshot: Profile (Evidence sheet, BUG-07)

Sheet Summary
A1: Kredily HRMS APK – Test Execution Summary
A2: Build: kredily-mobile-v2.apk · Real Android device · Admin account · 8 Oct 2026.
A4: Status | B4: Count | C4: % of total
A5: Pass | B5: =COUNTIF('Test Cases'!$K$2:$K$21,A5) -> 12 | C5: =B5/B9 -> 0.6
A6: Fail | B6: =COUNTIF('Test Cases'!$K$2:$K$21,A6) -> 8 | C6: =B6/B9 -> 0.4
A7: Not Executed | B7: =COUNTIF('Test Cases'!$K$2:$K$21,A7) -> 0 | C7: =B7/B9 -> 0
A8: Blocked | B8: =COUNTIF('Test Cases'!$K$2:$K$21,A8) -> 0 | C8: =B8/B9 -> 0
A9: Total | B9: =SUM(B5:B8) -> 20 | C9: =SUM(C5:C8) -> 1
A10: Pass rate (of executed) | B10: =IFERROR(B5/(B5+B6),0) -> 0.6
A11: By type | B11: Count
A12: Positive | B12: =COUNTIF('Test Cases'!$C$2:$C$21,A12) -> 11
A13: Negative | B13: =COUNTIF('Test Cases'!$C$2:$C$21,A13) -> 5
A14: Edge | B14: =COUNTIF('Test Cases'!$C$2:$C$21,A14) -> 4
A16: By module
A17: Module | B17: Total | C17: Pass | D17: Fail | E17: Not Executed
A18: Login | B18: =COUNTIF('Test Cases'!$B$2:$B$21,A18) -> 7 | C18: =COUNTIFS('Test Cases'!$B$2:$B$21,$A18,'Test Cases'!$K$2:$K$21,"Pass") -> 5 | D18: =COUNTIFS('Test Cases'!$B$2:$B$21,$A18,'Test Cases'!$K$2:$K$21,"Fail") -> 2 | E18: =COUNTIFS('Test Cases'!$B$2:$B$21,$A18,'Test Cases'!$K$2:$K$21,"Not Executed") -> 0
A19: Home | B19: =COUNTIF('Test Cases'!$B$2:$B$21,A19) -> 2 | C19: =COUNTIFS('Test Cases'!$B$2:$B$21,$A19,'Test Cases'!$K$2:$K$21,"Pass") -> 1 | D19: =COUNTIFS('Test Cases'!$B$2:$B$21,$A19,'Test Cases'!$K$2:$K$21,"Fail") -> 1 | E19: =COUNTIFS('Test Cases'!$B$2:$B$21,$A19,'Test Cases'!$K$2:$K$21,"Not Executed") -> 0
A20: Home / Attendance | B20: =COUNTIF('Test Cases'!$B$2:$B$21,A20) -> 1 | C20: =COUNTIFS('Test Cases'!$B$2:$B$21,$A20,'Test Cases'!$K$2:$K$21,"Pass") -> 0 | D20: =COUNTIFS('Test Cases'!$B$2:$B$21,$A20,'Test Cases'!$K$2:$K$21,"Fail") -> 1 | E20: =COUNTIFS('Test Cases'!$B$2:$B$21,$A20,'Test Cases'!$K$2:$K$21,"Not Executed") -> 0
A21: Home / Approvals | B21: =COUNTIF('Test Cases'!$B$2:$B$21,A21) -> 1 | C21: =COUNTIFS('Test Cases'!$B$2:$B$21,$A21,'Test Cases'!$K$2:$K$21,"Pass") -> 0 | D21: =COUNTIFS('Test Cases'!$B$2:$B$21,$A21,'Test Cases'!$K$2:$K$21,"Fail") -> 1 | E21: =COUNTIFS('Test Cases'!$B$2:$B$21,$A21,'Test Cases'!$K$2:$K$21,"Not Executed") -> 0
A22: Approvals | B22: =COUNTIF('Test Cases'!$B$2:$B$21,A22) -> 3 | C22: =COUNTIFS('Test Cases'!$B$2:$B$21,$A22,'Test Cases'!$K$2:$K$21,"Pass") -> 3 | D22: =COUNTIFS('Test Cases'!$B$2:$B$21,$A22,'Test Cases'!$K$2:$K$21,"Fail") -> 0 | E22: =COUNTIFS('Test Cases'!$B$2:$B$21,$A22,'Test Cases'!$K$2:$K$21,"Not Executed") -> 0
A23: Attendance | B23: =COUNTIF('Test Cases'!$B$2:$B$21,A23) -> 3 | C23: =COUNTIFS('Test Cases'!$B$2:$B$21,$A23,'Test Cases'!$K$2:$K$21,"Pass") -> 1 | D23: =COUNTIFS('Test Cases'!$B$2:$B$21,$A23,'Test Cases'!$K$2:$K$21,"Fail") -> 2 | E23: =COUNTIFS('Test Cases'!$B$2:$B$21,$A23,'Test Cases'!$K$2:$K$21,"Not Executed") -> 0
A24: Directory | B24: =COUNTIF('Test Cases'!$B$2:$B$21,A24) -> 2 | C24: =COUNTIFS('Test Cases'!$B$2:$B$21,$A24,'Test Cases'!$K$2:$K$21,"Pass") -> 2 | D24: =COUNTIFS('Test Cases'!$B$2:$B$21,$A24,'Test Cases'!$K$2:$K$21,"Fail") -> 0 | E24: =COUNTIFS('Test Cases'!$B$2:$B$21,$A24,'Test Cases'!$K$2:$K$21,"Not Executed") -> 0
A25: Profile | B25: =COUNTIF('Test Cases'!$B$2:$B$21,A25) -> 1 | C25: =COUNTIFS('Test Cases'!$B$2:$B$21,$A25,'Test Cases'!$K$2:$K$21,"Pass") -> 0 | D25: =COUNTIFS('Test Cases'!$B$2:$B$21,$A25,'Test Cases'!$K$2:$K$21,"Fail") -> 1 | E25: =COUNTIFS('Test Cases'!$B$2:$B$21,$A25,'Test Cases'!$K$2:$K$21,"Not Executed") -> 0
A26: Total | B26: =SUM(B18:B25) -> 20 | C26: =SUM(C18:C25) -> 12 | D26: =SUM(D18:D25) -> 8 | E26: =SUM(E18:E25) -> 0
A28: Note: TC06 is Not Executed until the eye-icon toggle is tapped. Defects: see Kredily_Bug_Reports.xlsx.
